User Story Title Summary,User Story,Priority,Estimated Complexity,Acceptance Criteria,GitHub Issue Link,Technical Requirements,Implementation Considerations,Related Documentation,Related Issues/Stories
Use character creation wizard,"As a user, I want to use a character creation wizard to build my character step by step.",Low (Nice to Have),Medium,"The `CharacterCreationWizard` component guides the user through distinct steps (e.g., Basic Info, Attributes, Skills, Description).\nUsers can navigate forward and backward between steps.\nProgress is visually indicated throughout the creation process.\nThe wizard saves progress at each step.\nCompleted character is saved to the character list when finished.",https://github.com/jerseycheese/Narraitor/issues/249,"The system must provide a multi-step wizard interface for character creation. It must guide users through distinct creation steps with forward and backward navigation. The system must visually indicate progress, save work at each step, and store the completed character when finished.","Consider the optimal step sequence to make character creation intuitive. Think about how to balance thoroughness with simplicity in the process. The wizard should prevent data loss while allowing users to change their mind about previous choices.","docs/requirements/ui/character-interface.md, docs/requirements/core/character-system.md, docs/requirements/core/state-management.md, docs/workflows/user-story-workflow.md, docs/workflows/user-story-template.md",N/A
Assign attribute points,"As a user, I want to assign attribute points to customize my character's abilities.",Low (Nice to Have),Small,The `AttributeAssignment` component allows users to allocate points within the min/max values defined by the world.\nThe interface shows remaining points as they are allocated.\nThe interface prevents allocating more points than available.\nUsers can reset allocations and start over.\nPoint assignments are validated before proceeding.,https://github.com/jerseycheese/Narraitor/issues/250,"The system must allow users to allocate attribute points within world-defined constraints. It must display remaining points as they're allocated and prevent exceeding limits. The system must provide a reset function and validate point assignments before proceeding.","Consider which control types (numeric inputs, sliders, etc.) provide the best user experience for point allocation. Think about immediate feedback mechanisms to help users understand the implications of their choices. The interface should be intuitive while enforcing the world's constraints.","docs/requirements/ui/character-interface.md, docs/requirements/core/world-configuration.md, docs/workflows/user-story-workflow.md, docs/workflows/user-story-template.md",N/A
Select and rate skills,"As a user, I want to select and rate skills to define my character's capabilities.",Low (Nice to Have),Small,The `SkillAssignment` component allows users to select skills defined by the world.\nUsers can assign ratings to skills within allowed ranges.\nThe interface enforces any skill selection limits.\nUsers can remove or change selections before finalizing.\nSkill selections are validated before proceeding.,https://github.com/jerseycheese/Narraitor/issues/251,"The system must allow users to select skills from world-defined options and assign ratings within allowed ranges. It must enforce skill selection limits and allow users to modify their selections before finalizing. The system must validate skill selections before proceeding.","Consider how to organize potentially large skill lists for ease of selection. Think about how to communicate the relationship between skills and attributes. The interface should help users understand how skill selections will affect gameplay.","docs/requirements/ui/character-interface.md, docs/requirements/core/world-configuration.md, docs/workflows/user-story-workflow.md, docs/workflows/user-story-template.md",N/A
Enter character details,"As a user, I want to enter descriptions for my character's appearance and personality.",Low (Nice to Have),Small,"The `CharacterDescription` component provides text input fields for appearance, personality, and background.\nCharacter descriptions are properly formatted and displayed on the character sheet.\nThe interface validates that required fields are completed.\nText fields support multi-paragraph entries.\nCharacter text appears in a readable format in the final character sheet.",https://github.com/jerseycheese/Narraitor/issues/118,"The system must provide text input fields for character appearance, personality, and background. It must validate that required fields are completed and support multi-paragraph entries. The system must properly format and display character descriptions on the character sheet.","Consider what guidance might help users create rich character descriptions. Think about text formatting capabilities that would enhance readability without adding unnecessary complexity. The interface should encourage creative writing while ensuring essential information is captured.","docs/requirements/ui/character-interface.md, docs/requirements/core/character-system.md, docs/workflows/user-story-workflow.md, docs/workflows/user-story-template.md",N/A
Validate character data,"As a user, I want validation to ensure my character meets world requirements.",Low (Nice to Have),Medium,Basic validation prevents proceeding if required fields are empty.\nAttribute allocations are validated against world-defined min/max values.\nSkill selections are validated against world-defined constraints.\nClear error messages indicate what needs to be fixed.\nThe final character cannot be saved until all validation passes.,https://github.com/jerseycheese/Narraitor/issues/252,"The system must validate character data against world requirements. It must check for empty required fields and verify that attribute allocations and skill selections conform to world-defined constraints. The system must display clear error messages and prevent saving invalid character data.","Consider when validation should occur (on change, on submit, etc.) to provide timely feedback without frustrating users. Think about error message placement and wording to guide users towards correct inputs. The validation system should maintain world integrity while providing a smooth user experience.","docs/requirements/ui/character-interface.md, docs/requirements/core/character-system.md, docs/requirements/core/world-configuration.md, docs/workflows/user-story-workflow.md, docs/workflows/user-story-template.md",N/A
View character list,"As a user, I want to view a list of my created characters with basic information.",Low (Nice to Have),Small,The `CharacterList` component displays a list of created characters.\nEach list item shows at least character name and world.\nCharacters are loaded from persistent storage when the page loads.\nThe list displays the creation date for each character.\nUsers can select a character from the list for detailed view or gameplay.,https://github.com/jerseycheese/Narraitor/issues/253,"The system must display a list of the user's created characters. Each list item must show essential information including character name, world, and creation date. The system must load characters from persistent storage and allow users to select characters for detailed view or gameplay.","Consider how to organize and present characters for quick identification. Think about what sorting options might be useful (e.g., by creation date, world, or name). The list should provide enough information for character selection without overwhelming the user.","docs/requirements/ui/character-interface.md, docs/requirements/core/character-system.md, docs/requirements/core/state-management.md, docs/workflows/user-story-workflow.md, docs/workflows/user-story-template.md",N/A
Edit existing characters,"As a user, I want to edit my existing characters to update their details.",Medium (MVP Enhancement),Medium,An editing interface allows modification of existing character fields.\nThe editing interface reuses the same validation as character creation.\nChanges are saved immediately when submitted.\nThe interface provides clear feedback when changes are saved.\nUsers can cancel edits without saving changes.,https://github.com/jerseycheese/Narraitor/issues/254,"The system must provide an interface for editing existing character data. It must pre-populate fields with current character data and reuse validation logic from character creation. The system must provide save and cancel options, update character data when changes are saved, and provide clear feedback upon saving.","Consider the differences between creation and editing modes and how to handle them gracefully. Think about whether to use the same form components or adapt them for editing. The editing experience should maintain consistency with character creation while acknowledging the different user context.","docs/requirements/ui/character-interface.md, docs/requirements/core/character-system.md, docs/requirements/core/state-management.md, docs/workflows/user-story-workflow.md, docs/workflows/user-story-template.md",N/A
Delete characters,"As a user, I want to delete characters I no longer need with proper confirmation.",Low (Nice to Have),Small,The `DeleteCharacterDialog` component prompts for confirmation before deletion.\nDeleted characters are permanently removed from storage.\nThe character list updates immediately after deletion.\nThe interface provides feedback when deletion is complete.\nUsers can cancel the deletion process.,https://github.com/jerseycheese/Narraitor/issues/255,"The system must require confirmation before character deletion. It must permanently remove deleted characters from storage and update the user interface immediately. The system must provide clear feedback when deletion is complete and allow users to cancel the deletion process.","Consider the placement of delete controls to prevent accidental access while ensuring they're findable when needed. Think about confirmation wording that clearly communicates the permanence of deletion. The deletion process should be reversible until final confirmation.","docs/requirements/ui/character-interface.md, docs/requirements/core/character-system.md, docs/requirements/core/state-management.md, docs/workflows/user-story-workflow.md, docs/workflows/user-story-template.md",N/A
View character sheet,"As a user, I want to view a detailed character sheet that shows all my character's information.",Low (Nice to Have),Medium,"The `CharacterSheet` component displays all core character information.\nInformation is organized in logical sections (basic info, attributes, skills, background).\nThe layout uses visual hierarchy to emphasize important details.\nCharacter descriptions are displayed with proper formatting.\nThe character sheet provides access to editing functionality.",https://github.com/jerseycheese/Narraitor/issues/256,"The system must display a comprehensive character sheet showing all character information. It must organize information in logical sections with appropriate visual hierarchy. The system must properly format character descriptions and provide access to editing functionality.","Consider which information is most important to highlight based on gameplay needs. Think about the balance between comprehensive information and visual clarity. The character sheet should serve as both a reference during gameplay and a central hub for character management.","docs/requirements/ui/character-interface.md, docs/requirements/core/character-system.md, docs/workflows/user-story-workflow.md, docs/workflows/user-story-template.md",N/A
Use responsive interface,"As a user, I want all character interfaces to work well on different screen sizes.",Medium (MVP Enhancement),Medium,"All character interface components are responsive.\nThe interfaces are usable on mobile, tablet, and desktop screen sizes.\nLayout adapts appropriately to available screen space.\nTouch interactions work properly on mobile devices.\nFont sizes and spacing adjust for readability on all devices.",https://github.com/jerseycheese/Narraitor/issues/257,"The system must implement responsive design for all character interface components. Interfaces must be usable across mobile, tablet, and desktop screen sizes. Layouts must adapt to available screen space, support touch interactions on mobile devices, and adjust text and spacing for readability on all devices.","Consider which layout approaches (flexbox, grid, etc.) best support the different character interfaces. Think about component reorganization strategies for smaller screens versus simply scaling elements. The responsive design should maintain functionality while optimizing for each device type.","docs/requirements/ui/character-interface.md, docs/workflows/user-story-workflow.md, docs/workflows/user-story-template.md",N/A