User Story Title Summary,User Story,Priority,Estimated Complexity,Acceptance Criteria,GitHub Issue Link
Create new world,"As a user, I want to create a new world with basic information so I can start building my narrative setting.",High (MVP),Medium,"The WorldCreationWizard guides the user through steps including providing a freeform description\nBasic validation ensures required fields (name, description) are filled\nCreated worlds are saved to the system with unique identifiers\nThe user can navigate between wizard steps with appropriate validation\nThe creation process is intuitive and user-friendly",https://github.com/jerseycheese/Narraitor/issues/282
Follow step-by-step guide,"As a user, I want clear step-by-step guidance during world creation so I don't miss important configuration options.",High (MVP),Small,The wizard clearly indicates the current step and total steps\nEach step has a clear title and description of what needs to be configured\nThe wizard prevents advancing to the next step if required fields are incomplete\nProgress is saved between steps to prevent data loss\nNavigation between steps is intuitive and consistent,https://github.com/jerseycheese/Narraitor/issues/283
See field suggestions,"As a user, I want suggestions and help text for each field so I understand what I'm configuring.",Medium (MVP Enhancement),Small,The UI displays AI-generated suggestions for attributes and skills based on the description\nTooltips or help text are available for key configuration fields\nExample values are shown where appropriate\nError messages provide guidance for resolving validation issues\nHelp content is context-sensitive and relevant,https://github.com/jerseycheese/Narraitor/issues/284
Add custom attributes,"As a user, I want to add custom attributes to my world so I can define character traits.",High (MVP),Medium,The AttributeEditor component allows adding new attributes (up to 6 total)\nUsers can define attribute name and description\nThe interface prevents creating duplicate attribute names\nAdded attributes appear immediately in the attributes list\nThe interface is intuitive and easy to use,https://github.com/jerseycheese/Narraitor/issues/285
Configure attribute values,"As a user, I want to set attribute ranges and default values so I can establish world norms.",High (MVP),Small,Users can set a default value for each attribute within the allowed range\nMin/Max values are fixed at 1-10 for MVP\nThe interface provides visual controls for setting numeric values\nInvalid values are prevented through UI constraints\nValue adjustments provide immediate visual feedback,https://github.com/jerseycheese/Narraitor/issues/288
Edit existing attributes,"As a user, I want to edit attributes after creation so I can refine my world.",High (MVP),Small,Existing attributes can be edited or removed via the interface\nEdits to attributes are saved immediately\nThe system warns when removing attributes that are linked to skills\nAttribute changes are reflected in the world configuration\nThe editing interface is consistent with the creation interface,https://github.com/jerseycheese/Narraitor/issues/289
Create linked skills,"As a user, I want to create skills linked to attributes so characters can have specialized abilities.",High (MVP),Medium,The SkillEditor component allows adding new skills (up to 12 total)\nUsers can define skill name and description\nThe interface prevents creating duplicate skill names\nAdded skills appear immediately in the skills list\nSkills can be linked to one or more attributes,https://github.com/jerseycheese/Narraitor/issues/286
Define skill values,"As a user, I want to define skill ranges and default values so I can control skill distribution.",High (MVP),Small,Users can set a default value for each skill within the allowed range\nMin/Max values are fixed at 1-5 for MVP\nThe interface provides visual controls for setting numeric values\nInvalid values are prevented through UI constraints\nValue adjustments provide immediate visual feedback,https://github.com/jerseycheese/Narraitor/issues/290
Organize skills by attributes,"As a user, I want to organize skills by related attributes so there's logical character development.",High (MVP),Medium,Users can link each skill to 1-2 existing attributes via a selection mechanism\nThe UI shows which attributes are linked to each skill\nSkills maintain their attribute relationships after editing\nThe system validates that linked attributes exist\nThe relationship between skills and attributes is clearly visualized,https://github.com/jerseycheese/Narraitor/issues/287
View created worlds,"As a user, I want to view all my created worlds so I can select one for play.",High (MVP),Small,The WorldList component displays all created worlds\nWorlds can be selected for viewing or play\nThe world list loads automatically when the page is accessed\nThe list is responsive and works on different screen sizes\nThe list provides clear visual differentiation between worlds,https://github.com/jerseycheese/Narraitor/issues/291
See world information,"As a user, I want to see basic information about each world so I can identify them easily.",High (MVP),Small,"Each world entry displays name, description, and genre\nThe list shows when each world was created or last modified\nThe information is presented in a clean, readable format\nThe display adapts responsively to different screen sizes\nImportant information is visually emphasized",https://github.com/jerseycheese/Narraitor/issues/292
Edit existing worlds,"As a user, I want to edit existing worlds so I can refine my settings.",High (MVP),Medium,"Selecting a world allows viewing/editing its details via the WorldEditor\nThe WorldEditor provides forms to modify basic info, attributes, and skills\nChanges are saved automatically or with an explicit save action\nThe editor prevents invalid modifications\nThe editing interface is consistent with the creation interface",https://github.com/jerseycheese/Narraitor/issues/191
Delete unwanted worlds,"As a user, I want to delete worlds I no longer need with proper confirmation.",Medium (MVP Enhancement),Small,A delete option is available for each world\nA confirmation dialog is shown before completing deletion\nThe world list updates immediately after deletion\nThe system provides feedback when deletion is complete\nThe confirmation dialog clearly explains the consequences of deletion,https://github.com/jerseycheese/Narraitor/issues/294